Year,Locationabbr,Locationdesc,Class,Topic,Question,Response,Break_Out,Break_Out_Category,Sample_Size,Data_value,Confidence_limit_Low,Confidence_limit_High,Display_order,Data_value_unit,Data_value_type,Data_Value_Footnote_Symbol,Data_Value_Footnote,DataSource,ClassId,TopicId,LocationID,BreakoutID,BreakOutCategoryID,QuestionID,ResponseID,GeoLocation
2014,AL,Alabama,Overweight and Obesity (BMI),BMI Categories,Weight classification by Body Mass Index (BMI) (variable calculated from one or more BRFSS questions),Obese (BMI 30.0 - 99.8),Overall,Overall,"2,814",33.5,32.1,35,"2,613",%,Crude Prevalence,,,BRFSS,CLASS14,Topic09,01,BO1,CAT1,_BMI5CAT,RESP039,"(32.84057112200048, -86.63186076199969)"
2014,AL,Alabama,Overweight and Obesity (BMI),BMI Categories,Weight classification by Body Mass Index (BMI) (variable calculated from one or more BRFSS questions),Overweight (BMI 25.0-29.9),Overall,Overall,"2,814",33.4,32,34.9,"2,612",%,Crude Prevalence,,,BRFSS,CLASS14,Topic09,01,BO1,CAT1,_BMI5CAT,RESP040,"(32.84057112200048, -86.63186076199969)"
2014,AL,Alabama,Overweight and Obesity (BMI),BMI Categories,Weight classification by Body Mass Index (BMI) (variable calculated from one or more BRFSS questions),Normal Weight (BMI 18.5-24.9),Overall,Overall,"2,425",31.5,29.9,33,"2,611",%,Crude Prevalence,,,BRFSS,CLASS14,Topic09,01,BO1,CAT1,_BMI5CAT,RESP041,"(32.84057112200048, -86.63186076199969)"
2014,AL,Alabama,Overweight and Obesity (BMI),BMI Categories,Weight classification by Body Mass Index (BMI) (variable calculated from one or more BRFSS questions),Underweight (BMI 12.0-18.4),Overall,Overall,137,1.6,1.2,2,"2,610",%,Crude Prevalence,,,BRFSS,CLASS14,Topic09,01,BO1,CAT1,_BMI5CAT,RESP042,"(32.84057112200048, -86.63186076199969)"
2014,AK,Alaska,Overweight and Obesity (BMI),BMI Categories,Weight classification by Body Mass Index (BMI) (variable calculated from one or more BRFSS questions),Obese (BMI 30.0 - 99.8),Overall,Overall,"1,239",29.7,27.8,31.6,"2,608",%,Crude Prevalence,,,BRFSS,CLASS14,Topic09,02,BO1,CAT1,_BMI5CAT,RESP039,"(64.84507995700051, -147.72205903599973)"
2014,AK,Alaska,Overweight and Obesity (BMI),BMI Categories,Weight classification by Body Mass Index (BMI) (variable calculated from one or more BRFSS questions),Overweight (BMI 25.0-29.9),Overall,Overall,"1,487",35.1,33.1,37.1,"2,607",%,Crude Prevalence,,,BRFSS,CLASS14,Topic09,02,BO1,CAT1,_BMI5CAT,RESP040,"(64.84507995700051, -147.72205903599973)"
2014,AK,Alaska,Overweight and Obesity (BMI),BMI Categories,Weight classification by Body Mass Index (BMI) (variable calculated from one or more BRFSS questions),Normal Weight (BMI 18.5-24.9),Overall,Overall,"1,362",34,31.9,36.1,"2,606",%,Crude Prevalence,,,BRFSS,CLASS14,Topic09,02,BO1,CAT1,_BMI5CAT,RESP041,"(64.84507995700051, -147.72205903599973)"
2014,AK,Alaska,Overweight and Obesity (BMI),BMI Categories,Weight classification by Body Mass Index (BMI) (variable calculated from one or more BRFSS questions),Underweight (BMI 12.0-18.4),Overall,Overall,54,1.2,0.7,1.7,"2,605",%,Crude Prevalence,,,BRFSS,CLASS14,Topic09,02,BO1,CAT1,_BMI5CAT,RESP042,"(64.84507995700051, -147.72205903599973)"
2014,AZ,Arizona,Overweight and Obesity (BMI),BMI Categories,Weight classification by Body Mass Index (BMI) (variable calculated from one or more BRFSS questions),Obese (BMI 30.0 - 99.8),Overall,Overall,"3,777",28.9,27.7,30.2,"2,619",%,Crude Prevalence,,,BRFSS,CLASS14,Topic09,04,BO1,CAT1,_BMI5CAT,RESP039,"(34.865970280000454, -111.76381127699972)"
2014,AZ,Arizona,Overweight and Obesity (BMI),BMI Categories,Weight classification by Body Mass Index (BMI) (variable calculated from one or more BRFSS questions),Overweight (BMI 25.0-29.9),Overall,Overall,"5,069",35.1,33.7,36.4,"2,618",%,Crude Prevalence,,,BRFSS,CLASS14,Topic09,04,BO1,CAT1,_BMI5CAT,RESP040,"(34.865970280000454, -111.76381127699972)"
2014,AZ,Arizona,Overweight and Obesity (BMI),BMI Categories,Weight classification by Body Mass Index (BMI) (variable calculated from one or more BRFSS questions),Normal Weight (BMI 18.5-24.9),Overall,Overall,"4,729",33.8,32.5,35.2,"2,617",%,Crude Prevalence,,,BRFSS,CLASS14,Topic09,04,BO1,CAT1,_BMI5CAT,RESP041,"(34.865970280000454, -111.76381127699972)"
2014,AZ,Arizona,Overweight and Obesity (BMI),BMI Categories,Weight classification by Body Mass Index (BMI) (variable calculated from one or more BRFSS questions),Underweight (BMI 12.0-18.4),Overall,Overall,274,2.2,1.8,2.7,"2,616",%,Crude Prevalence,,,BRFSS,CLASS14,Topic09,04,BO1,CAT1,_BMI5CAT,RESP042,"(34.865970280000454, -111.76381127699972)"
2014,AR,Arkansas,Overweight and Obesity (BMI),BMI Categories,Weight classification by Body Mass Index (BMI) (variable calculated from one or more BRFSS questions),Obese (BMI 30.0 - 99.8),Overall,Overall,"1,672",35.9,33.8,38,"2,612",%,Crude Prevalence,,,BRFSS,CLASS14,Topic09,05,BO1,CAT1,_BMI5CAT,RESP039,"(34.74865012400045, -92.27449074299966)"
2014,AR,Arkansas,Overweight and Obesity (BMI),BMI Categories,Weight classification by Body Mass Index (BMI) (variable calculated from one or more BRFSS questions),Overweight (BMI 25.0-29.9),Overall,Overall,"1,723",34.7,32.6,36.8,"2,611",%,Crude Prevalence,,,BRFSS,CLASS14,Topic09,05,BO1,CAT1,_BMI5CAT,RESP040,"(34.74865012400045, -92.27449074299966)"
2014,AR,Arkansas,Overweight and Obesity (BMI),BMI Categories,Weight classification by Body Mass Index (BMI) (variable calculated from one or more BRFSS questions),Normal Weight (BMI 18.5-24.9),Overall,Overall,"1,405",27.6,25.6,29.6,"2,610",%,Crude Prevalence,,,BRFSS,CLASS14,Topic09,05,BO1,CAT1,_BMI5CAT,RESP041,"(34.74865012400045, -92.27449074299966)"
2014,AR,Arkansas,Overweight and Obesity (BMI),BMI Categories,Weight classification by Body Mass Index (BMI) (variable calculated from one or more BRFSS questions),Underweight (BMI 12.0-18.4),Overall,Overall,86,1.8,1.1,2.5,"2,609",%,Crude Prevalence,,,BRFSS,CLASS14,Topic09,05,BO1,CAT1,_BMI5CAT,RESP042,"(34.74865012400045, -92.27449074299966)"
2014,CA,California,Overweight and Obesity (BMI),BMI Categories,Weight classification by Body Mass Index (BMI) (variable calculated from one or more BRFSS questions),Obese (BMI 30.0 - 99.8),Overall,Overall,"1,967",24.7,23.5,25.9,"2,619",%,Crude Prevalence,,,BRFSS,CLASS14,Topic09,06,BO1,CAT1,_BMI5CAT,RESP039,"(37.63864012300047, -120.99999953799971)"
2014,CA,California,Overweight and Obesity (BMI),BMI Categories,Weight classification by Body Mass Index (BMI) (variable calculated from one or more BRFSS questions),Overweight (BMI 25.0-29.9),Overall,Overall,"2,847",35,33.7,36.4,"2,618",%,Crude Prevalence,,,BRFSS,CLASS14,Topic09,06,BO1,CAT1,_BMI5CAT,RESP040,"(37.63864012300047, -120.99999953799971)"
2014,CA,California,Overweight and Obesity (BMI),BMI Categories,Weight classification by Body Mass Index (BMI) (variable calculated from one or more BRFSS questions),Normal Weight (BMI 18.5-24.9),Overall,Overall,"3,050",37.7,36.4,39.1,"2,617",%,Crude Prevalence,,,BRFSS,CLASS14,Topic09,06,BO1,CAT1,_BMI5CAT,RESP041,"(37.63864012300047, -120.99999953799971)"
2014,CA,California,Overweight and Obesity (BMI),BMI Categories,Weight classification by Body Mass Index (BMI) (variable calculated from one or more BRFSS questions),Underweight (BMI 12.0-18.4),Overall,Overall,161,2.6,1.9,3.2,"2,616",%,Crude Prevalence,,,BRFSS,CLASS14,Topic09,06,BO1,CAT1,_BMI5CAT,RESP042,"(37.63864012300047, -120.99999953799971)"
2014,CO,Colorado,Overweight and Obesity (BMI),BMI Categories,Weight classification by Body Mass Index (BMI) (variable calculated from one or more BRFSS questions),Obese (BMI 30.0 - 99.8),Overall,Overall,"2,702",21.3,20.4,22.2,"2,616",%,Crude Prevalence,,,BRFSS,CLASS14,Topic09,08,BO1,CAT1,_BMI5CAT,RESP039,"(38.843840757000464, -106.13361092099967)"
2014,CO,Colorado,Overweight and Obesity (BMI),BMI Categories,Weight classification by Body Mass Index (BMI) (variable calculated from one or more BRFSS questions),Overweight (BMI 25.0-29.9),Overall,Overall,"4,598",36.1,35,37.2,"2,615",%,Crude Prevalence,,,BRFSS,CLASS14,Topic09,08,BO1,CAT1,_BMI5CAT,RESP040,"(38.843840757000464, -106.13361092099967)"
2014,CO,Colorado,Overweight and Obesity (BMI),BMI Categories,Weight classification by Body Mass Index (BMI) (variable calculated from one or more BRFSS questions),Normal Weight (BMI 18.5-24.9),Overall,Overall,"5,040",40.5,39.4,41.7,"2,614",%,Crude Prevalence,,,BRFSS,CLASS14,Topic09,08,BO1,CAT1,_BMI5CAT,RESP041,"(38.843840757000464, -106.13361092099967)"
2014,CO,Colorado,Overweight and Obesity (BMI),BMI Categories,Weight classification by Body Mass Index (BMI) (variable calculated from one or more BRFSS questions),Underweight (BMI 12.0-18.4),Overall,Overall,227,2.1,1.7,2.5,"2,613",%,Crude Prevalence,,,BRFSS,CLASS14,Topic09,08,BO1,CAT1,_BMI5CAT,RESP042,"(38.843840757000464, -106.13361092099967)"
2014,CT,Connecticut,Overweight and Obesity (BMI),BMI Categories,Weight classification by Body Mass Index (BMI) (variable calculated from one or more BRFSS questions),Obese (BMI 30.0 - 99.8),Overall,Overall,"1,934",26.3,24.8,27.7,"2,606",%,Crude Prevalence,,,BRFSS,CLASS14,Topic09,09,BO1,CAT1,_BMI5CAT,RESP039,"(41.56266102000046, -72.64984095199964)"
2014,CT,Connecticut,Overweight and Obesity (BMI),BMI Categories,Weight classification by Body Mass Index (BMI) (variable calculated from one or more BRFSS questions),Overweight (BMI 25.0-29.9),Overall,Overall,"2,570",34.1,32.6,35.7,"2,605",%,Crude Prevalence,,,BRFSS,CLASS14,Topic09,09,BO1,CAT1,_BMI5CAT,RESP040,"(41.56266102000046, -72.64984095199964)"
2014,CT,Connecticut,Overweight and Obesity (BMI),BMI Categories,Weight classification by Body Mass Index (BMI) (variable calculated from one or more BRFSS questions),Normal Weight (BMI 18.5-24.9),Overall,Overall,"2,627",38.1,36.5,39.8,"2,604",%,Crude Prevalence,,,BRFSS,CLASS14,Topic09,09,BO1,CAT1,_BMI5CAT,RESP041,"(41.56266102000046, -72.64984095199964)"
2014,CT,Connecticut,Overweight and Obesity (BMI),BMI Categories,Weight classification by Body Mass Index (BMI) (variable calculated from one or more BRFSS questions),Underweight (BMI 12.0-18.4),Overall,Overall,106,1.5,1.1,1.9,"2,603",%,Crude Prevalence,,,BRFSS,CLASS14,Topic09,09,BO1,CAT1,_BMI5CAT,RESP042,"(41.56266102000046, -72.64984095199964)"
2014,DE,Delaware,Overweight and Obesity (BMI),BMI Categories,Weight classification by Body Mass Index (BMI) (variable calculated from one or more BRFSS questions),Obese (BMI 30.0 - 99.8),Overall,Overall,"1,268",30.7,28.6,32.7,"2,608",%,Crude Prevalence,,,BRFSS,CLASS14,Topic09,10,BO1,CAT1,_BMI5CAT,RESP039,"(39.008830667000495, -75.57774116799965)"
2014,DE,Delaware,Overweight and Obesity (BMI),BMI Categories,Weight classification by Body Mass Index (BMI) (variable calculated from one or more BRFSS questions),Overweight (BMI 25.0-29.9),Overall,Overall,"1,493",36.8,34.6,38.9,"2,607",%,Crude Prevalence,,,BRFSS,CLASS14,Topic09,10,BO1,CAT1,_BMI5CAT,RESP040,"(39.008830667000495, -75.57774116799965)"
2014,DE,Delaware,Overweight and Obesity (BMI),BMI Categories,Weight classification by Body Mass Index (BMI) (variable calculated from one or more BRFSS questions),Normal Weight (BMI 18.5-24.9),Overall,Overall,"1,159",31,28.8,33.2,"2,606",%,Crude Prevalence,,,BRFSS,CLASS14,Topic09,10,BO1,CAT1,_BMI5CAT,RESP041,"(39.008830667000495, -75.57774116799965)"
2014,DE,Delaware,Overweight and Obesity (BMI),BMI Categories,Weight classification by Body Mass Index (BMI) (variable calculated from one or more BRFSS questions),Underweight (BMI 12.0-18.4),Overall,Overall,63,1.6,0.9,2.2,"2,605",%,Crude Prevalence,,,BRFSS,CLASS14,Topic09,10,BO1,CAT1,_BMI5CAT,RESP042,"(39.008830667000495, -75.57774116799965)"
2014,DC,District of Columbia,Overweight and Obesity (BMI),BMI Categories,Weight classification by Body Mass Index (BMI) (variable calculated from one or more BRFSS questions),Obese (BMI 30.0 - 99.8),Overall,Overall,907,21.7,19.5,23.9,"2,599",%,Crude Prevalence,,,BRFSS,CLASS14,Topic09,11,BO1,CAT1,_BMI5CAT,RESP039,"(38.89037138500049, -77.03196112699965)"
2014,DC,District of Columbia,Overweight and Obesity (BMI),BMI Categories,Weight classification by Body Mass Index (BMI) (variable calculated from one or more BRFSS questions),Overweight (BMI 25.0-29.9),Overall,Overall,"1,297",33.2,30.7,35.8,"2,598",%,Crude Prevalence,,,BRFSS,CLASS14,Topic09,11,BO1,CAT1,_BMI5CAT,RESP040,"(38.89037138500049, -77.03196112699965)"
2014,DC,District of Columbia,Overweight and Obesity (BMI),BMI Categories,Weight classification by Body Mass Index (BMI) (variable calculated from one or more BRFSS questions),Normal Weight (BMI 18.5-24.9),Overall,Overall,"1,518",43.1,40.4,45.8,"2,597",%,Crude Prevalence,,,BRFSS,CLASS14,Topic09,11,BO1,CAT1,_BMI5CAT,RESP041,"(38.89037138500049, -77.03196112699965)"
2014,DC,District of Columbia,Overweight and Obesity (BMI),BMI Categories,Weight classification by Body Mass Index (BMI) (variable calculated from one or more BRFSS questions),Underweight (BMI 12.0-18.4),Overall,Overall,65,2,1.1,2.9,"2,596",%,Crude Prevalence,,,BRFSS,CLASS14,Topic09,11,BO1,CAT1,_BMI5CAT,RESP042,"(38.89037138500049, -77.03196112699965)"
2014,FL,Florida,Overweight and Obesity (BMI),BMI Categories,Weight classification by Body Mass Index (BMI) (variable calculated from one or more BRFSS questions),Obese (BMI 30.0 - 99.8),Overall,Overall,"2,303",26.2,25,27.5,"2,618",%,Crude Prevalence,,,BRFSS,CLASS14,Topic09,12,BO1,CAT1,_BMI5CAT,RESP039,"(28.932040377000476, -81.92896053899966)"
2014,FL,Florida,Overweight and Obesity (BMI),BMI Categories,Weight classification by Body Mass Index (BMI) (variable calculated from one or more BRFSS questions),Overweight (BMI 25.0-29.9),Overall,Overall,"3,350",36,34.6,37.3,"2,617",%,Crude Prevalence,,,BRFSS,CLASS14,Topic09,12,BO1,CAT1,_BMI5CAT,RESP040,"(28.932040377000476, -81.92896053899966)"
2014,FL,Florida,Overweight and Obesity (BMI),BMI Categories,Weight classification by Body Mass Index (BMI) (variable calculated from one or more BRFSS questions),Normal Weight (BMI 18.5-24.9),Overall,Overall,"3,308",35.7,34.4,37.1,"2,616",%,Crude Prevalence,,,BRFSS,CLASS14,Topic09,12,BO1,CAT1,_BMI5CAT,RESP041,"(28.932040377000476, -81.92896053899966)"
2014,FL,Florida,Overweight and Obesity (BMI),BMI Categories,Weight classification by Body Mass Index (BMI) (variable calculated from one or more BRFSS questions),Underweight (BMI 12.0-18.4),Overall,Overall,195,2.1,1.6,2.5,"2,615",%,Crude Prevalence,,,BRFSS,CLASS14,Topic09,12,BO1,CAT1,_BMI5CAT,RESP042,"(28.932040377000476, -81.92896053899966)"
2014,GA,Georgia,Overweight and Obesity (BMI),BMI Categories,Weight classification by Body Mass Index (BMI) (variable calculated from one or more BRFSS questions),Obese (BMI 30.0 - 99.8),Overall,Overall,"1,833",30.5,28.9,32.1,"2,613",%,Crude Prevalence,,,BRFSS,CLASS14,Topic09,13,BO1,CAT1,_BMI5CAT,RESP039,"(32.83968109300048, -83.62758034599966)"
2014,GA,Georgia,Overweight and Obesity (BMI),BMI Categories,Weight classification by Body Mass Index (BMI) (variable calculated from one or more BRFSS questions),Overweight (BMI 25.0-29.9),Overall,Overall,"2,076",35.2,33.5,36.9,"2,612",%,Crude Prevalence,,,BRFSS,CLASS14,Topic09,13,BO1,CAT1,_BMI5CAT,RESP040,"(32.83968109300048, -83.62758034599966)"
2014,GA,Georgia,Overweight and Obesity (BMI),BMI Categories,Weight classification by Body Mass Index (BMI) (variable calculated from one or more BRFSS questions),Normal Weight (BMI 18.5-24.9),Overall,Overall,"1,824",32.2,30.6,33.9,"2,611",%,Crude Prevalence,,,BRFSS,CLASS14,Topic09,13,BO1,CAT1,_BMI5CAT,RESP041,"(32.83968109300048, -83.62758034599966)"
2014,GA,Georgia,Overweight and Obesity (BMI),BMI Categories,Weight classification by Body Mass Index (BMI) (variable calculated from one or more BRFSS questions),Underweight (BMI 12.0-18.4),Overall,Overall,111,2,1.5,2.6,"2,610",%,Crude Prevalence,,,BRFSS,CLASS14,Topic09,13,BO1,CAT1,_BMI5CAT,RESP042,"(32.83968109300048, -83.62758034599966)"
2014,HI,Hawaii,Overweight and Obesity (BMI),BMI Categories,Weight classification by Body Mass Index (BMI) (variable calculated from one or more BRFSS questions),Obese (BMI 30.0 - 99.8),Overall,Overall,"1,483",22.1,20.7,23.5,"2,617",%,Crude Prevalence,,,BRFSS,CLASS14,Topic09,15,BO1,CAT1,_BMI5CAT,RESP039,"(21.304850435000446, -157.85774940299973)"
2014,HI,Hawaii,Overweight and Obesity (BMI),BMI Categories,Weight classification by Body Mass Index (BMI) (variable calculated from one or more BRFSS questions),Overweight (BMI 25.0-29.9),Overall,Overall,"2,467",36,34.4,37.7,"2,616",%,Crude Prevalence,,,BRFSS,CLASS14,Topic09,15,BO1,CAT1,_BMI5CAT,RESP040,"(21.304850435000446, -157.85774940299973)"
2014,HI,Hawaii,Overweight and Obesity (BMI),BMI Categories,Weight classification by Body Mass Index (BMI) (variable calculated from one or more BRFSS questions),Normal Weight (BMI 18.5-24.9),Overall,Overall,"2,758",39.5,37.8,41.2,"2,615",%,Crude Prevalence,,,BRFSS,CLASS14,Topic09,15,BO1,CAT1,_BMI5CAT,RESP041,"(21.304850435000446, -157.85774940299973)"
2014,HI,Hawaii,Overweight and Obesity (BMI),BMI Categories,Weight classification by Body Mass Index (BMI) (variable calculated from one or more BRFSS questions),Underweight (BMI 12.0-18.4),Overall,Overall,197,2.4,2,2.9,"2,614",%,Crude Prevalence,,,BRFSS,CLASS14,Topic09,15,BO1,CAT1,_BMI5CAT,RESP042,"(21.304850435000446, -157.85774940299973)"
2014,ID,Idaho,Overweight and Obesity (BMI),BMI Categories,Weight classification by Body Mass Index (BMI) (variable calculated from one or more BRFSS questions),Obese (BMI 30.0 - 99.8),Overall,Overall,"1,415",28.9,27.1,30.8,"2,598",%,Crude Prevalence,,,BRFSS,CLASS14,Topic09,16,BO1,CAT1,_BMI5CAT,RESP039,"(43.682630005000476, -114.3637300419997)"
2014,ID,Idaho,Overweight and Obesity (BMI),BMI Categories,Weight classification by Body Mass Index (BMI) (variable calculated from one or more BRFSS questions),Overweight (BMI 25.0-29.9),Overall,Overall,"1,952",36.8,34.9,38.7,"2,597",%,Crude Prevalence,,,BRFSS,CLASS14,Topic09,16,BO1,CAT1,_BMI5CAT,RESP040,"(43.682630005000476, -114.3637300419997)"
2014,ID,Idaho,Overweight and Obesity (BMI),BMI Categories,Weight classification by Body Mass Index (BMI) (variable calculated from one or more BRFSS questions),Normal Weight (BMI 18.5-24.9),Overall,Overall,"1,679",32.8,30.9,34.7,"2,596",%,Crude Prevalence,,,BRFSS,CLASS14,Topic09,16,BO1,CAT1,_BMI5CAT,RESP041,"(43.682630005000476, -114.3637300419997)"
2014,ID,Idaho,Overweight and Obesity (BMI),BMI Categories,Weight classification by Body Mass Index (BMI) (variable calculated from one or more BRFSS questions),Underweight (BMI 12.0-18.4),Overall,Overall,79,1.5,1,1.9,"2,595",%,Crude Prevalence,,,BRFSS,CLASS14,Topic09,16,BO1,CAT1,_BMI5CAT,RESP042,"(43.682630005000476, -114.3637300419997)"
2014,IL,Illinois,Overweight and Obesity (BMI),BMI Categories,Weight classification by Body Mass Index (BMI) (variable calculated from one or more BRFSS questions),Obese (BMI 30.0 - 99.8),Overall,Overall,"1,394",29.3,27.6,31.1,"2,608",%,Crude Prevalence,,,BRFSS,CLASS14,Topic09,17,BO1,CAT1,_BMI5CAT,RESP039,"(40.48501028300046, -88.99771017799969)"
2014,IL,Illinois,Overweight and Obesity (BMI),BMI Categories,Weight classification by Body Mass Index (BMI) (variable calculated from one or more BRFSS questions),Overweight (BMI 25.0-29.9),Overall,Overall,"1,723",34.5,32.7,36.2,"2,607",%,Crude Prevalence,,,BRFSS,CLASS14,Topic09,17,BO1,CAT1,_BMI5CAT,RESP040,"(40.48501028300046, -88.99771017799969)"
2014,IL,Illinois,Overweight and Obesity (BMI),BMI Categories,Weight classification by Body Mass Index (BMI) (variable calculated from one or more BRFSS questions),Normal Weight (BMI 18.5-24.9),Overall,Overall,"1,620",34.2,32.4,36,"2,606",%,Crude Prevalence,,,BRFSS,CLASS14,Topic09,17,BO1,CAT1,_BMI5CAT,RESP041,"(40.48501028300046, -88.99771017799969)"
2014,IL,Illinois,Overweight and Obesity (BMI),BMI Categories,Weight classification by Body Mass Index (BMI) (variable calculated from one or more BRFSS questions),Underweight (BMI 12.0-18.4),Overall,Overall,98,2,1.4,2.6,"2,605",%,Crude Prevalence,,,BRFSS,CLASS14,Topic09,17,BO1,CAT1,_BMI5CAT,RESP042,"(40.48501028300046, -88.99771017799969)"
2014,IN,Indiana,Overweight and Obesity (BMI),BMI Categories,Weight classification by Body Mass Index (BMI) (variable calculated from one or more BRFSS questions),Obese (BMI 30.0 - 99.8),Overall,Overall,"3,464",32.7,31.5,33.9,"2,614",%,Crude Prevalence,,,BRFSS,CLASS14,Topic09,18,BO1,CAT1,_BMI5CAT,RESP039,"(39.766910452000445, -86.14996019399968)"
2014,IN,Indiana,Overweight and Obesity (BMI),BMI Categories,Weight classification by Body Mass Index (BMI) (variable calculated from one or more BRFSS questions),Overweight (BMI 25.0-29.9),Overall,Overall,"3,748",33.7,32.5,34.9,"2,613",%,Crude Prevalence,,,BRFSS,CLASS14,Topic09,18,BO1,CAT1,_BMI5CAT,RESP040,"(39.766910452000445, -86.14996019399968)"
2014,IN,Indiana,Overweight and Obesity (BMI),BMI Categories,Weight classification by Body Mass Index (BMI) (variable calculated from one or more BRFSS questions),Normal Weight (BMI 18.5-24.9),Overall,Overall,"3,358",31.4,30.2,32.7,"2,612",%,Crude Prevalence,,,BRFSS,CLASS14,Topic09,18,BO1,CAT1,_BMI5CAT,RESP041,"(39.766910452000445, -86.14996019399968)"
2014,IN,Indiana,Overweight and Obesity (BMI),BMI Categories,Weight classification by Body Mass Index (BMI) (variable calculated from one or more BRFSS questions),Underweight (BMI 12.0-18.4),Overall,Overall,203,2.1,1.7,2.5,"2,611",%,Crude Prevalence,,,BRFSS,CLASS14,Topic09,18,BO1,CAT1,_BMI5CAT,RESP042,"(39.766910452000445, -86.14996019399968)"
2014,IA,Iowa,Overweight and Obesity (BMI),BMI Categories,Weight classification by Body Mass Index (BMI) (variable calculated from one or more BRFSS questions),Obese (BMI 30.0 - 99.8),Overall,Overall,"2,407",30.9,29.6,32.3,"2,612",%,Crude Prevalence,,,BRFSS,CLASS14,Topic09,19,BO1,CAT1,_BMI5CAT,RESP039,"(42.46940091300047, -93.81649055599968)"
2014,IA,Iowa,Overweight and Obesity (BMI),BMI Categories,Weight classification by Body Mass Index (BMI) (variable calculated from one or more BRFSS questions),Overweight (BMI 25.0-29.9),Overall,Overall,"2,764",36,34.6,37.4,"2,611",%,Crude Prevalence,,,BRFSS,CLASS14,Topic09,19,BO1,CAT1,_BMI5CAT,RESP040,"(42.46940091300047, -93.81649055599968)"
2014,IA,Iowa,Overweight and Obesity (BMI),BMI Categories,Weight classification by Body Mass Index (BMI) (variable calculated from one or more BRFSS questions),Normal Weight (BMI 18.5-24.9),Overall,Overall,"2,292",31.7,30.3,33.1,"2,610",%,Crude Prevalence,,,BRFSS,CLASS14,Topic09,19,BO1,CAT1,_BMI5CAT,RESP041,"(42.46940091300047, -93.81649055599968)"
2014,IA,Iowa,Overweight and Obesity (BMI),BMI Categories,Weight classification by Body Mass Index (BMI) (variable calculated from one or more BRFSS questions),Underweight (BMI 12.0-18.4),Overall,Overall,109,1.4,1,1.7,"2,609",%,Crude Prevalence,,,BRFSS,CLASS14,Topic09,19,BO1,CAT1,_BMI5CAT,RESP042,"(42.46940091300047, -93.81649055599968)"
2014,KS,Kansas,Overweight and Obesity (BMI),BMI Categories,Weight classification by Body Mass Index (BMI) (variable calculated from one or more BRFSS questions),Obese (BMI 30.0 - 99.8),Overall,Overall,"4,110",31.3,30.3,32.2,"2,620",%,Crude Prevalence,,,BRFSS,CLASS14,Topic09,20,BO1,CAT1,_BMI5CAT,RESP039,"(38.34774030000045, -98.20078122699965)"
2014,KS,Kansas,Overweight and Obesity (BMI),BMI Categories,Weight classification by Body Mass Index (BMI) (variable calculated from one or more BRFSS questions),Overweight (BMI 25.0-29.9),Overall,Overall,"4,593",34.7,33.7,35.7,"2,619",%,Crude Prevalence,,,BRFSS,CLASS14,Topic09,20,BO1,CAT1,_BMI5CAT,RESP040,"(38.34774030000045, -98.20078122699965)"
2014,KS,Kansas,Overweight and Obesity (BMI),BMI Categories,Weight classification by Body Mass Index (BMI) (variable calculated from one or more BRFSS questions),Normal Weight (BMI 18.5-24.9),Overall,Overall,"3,908",32.3,31.3,33.4,"2,618",%,Crude Prevalence,,,BRFSS,CLASS14,Topic09,20,BO1,CAT1,_BMI5CAT,RESP041,"(38.34774030000045, -98.20078122699965)"
2014,KS,Kansas,Overweight and Obesity (BMI),BMI Categories,Weight classification by Body Mass Index (BMI) (variable calculated from one or more BRFSS questions),Underweight (BMI 12.0-18.4),Overall,Overall,214,1.7,1.4,2,"2,617",%,Crude Prevalence,,,BRFSS,CLASS14,Topic09,20,BO1,CAT1,_BMI5CAT,RESP042,"(38.34774030000045, -98.20078122699965)"
2014,KY,Kentucky,Overweight and Obesity (BMI),BMI Categories,Weight classification by Body Mass Index (BMI) (variable calculated from one or more BRFSS questions),Obese (BMI 30.0 - 99.8),Overall,Overall,"3,553",31.6,30.2,33.1,"2,615",%,Crude Prevalence,,,BRFSS,CLASS14,Topic09,21,BO1,CAT1,_BMI5CAT,RESP039,"(37.645970271000465, -84.77497104799966)"
2014,KY,Kentucky,Overweight and Obesity (BMI),BMI Categories,Weight classification by Body Mass Index (BMI) (variable calculated from one or more BRFSS questions),Overweight (BMI 25.0-29.9),Overall,Overall,"3,736",35.1,33.6,36.6,"2,614",%,Crude Prevalence,,,BRFSS,CLASS14,Topic09,21,BO1,CAT1,_BMI5CAT,RESP040,"(37.645970271000465, -84.77497104799966)"
2014,KY,Kentucky,Overweight and Obesity (BMI),BMI Categories,Weight classification by Body Mass Index (BMI) (variable calculated from one or more BRFSS questions),Normal Weight (BMI 18.5-24.9),Overall,Overall,"2,973",30.8,29.3,32.3,"2,613",%,Crude Prevalence,,,BRFSS,CLASS14,Topic09,21,BO1,CAT1,_BMI5CAT,RESP041,"(37.645970271000465, -84.77497104799966)"
2014,KY,Kentucky,Overweight and Obesity (BMI),BMI Categories,Weight classification by Body Mass Index (BMI) (variable calculated from one or more BRFSS questions),Underweight (BMI 12.0-18.4),Overall,Overall,180,2.5,1.9,3.1,"2,612",%,Crude Prevalence,,,BRFSS,CLASS14,Topic09,21,BO1,CAT1,_BMI5CAT,RESP042,"(37.645970271000465, -84.77497104799966)"
2014,LA,Louisiana,Overweight and Obesity (BMI),BMI Categories,Weight classification by Body Mass Index (BMI) (variable calculated from one or more BRFSS questions),Obese (BMI 30.0 - 99.8),Overall,Overall,"2,219",34.9,33.4,36.4,"2,615",%,Crude Prevalence,,,BRFSS,CLASS14,Topic09,22,BO1,CAT1,_BMI5CAT,RESP039,"(31.31266064400046, -92.44568007099969)"
2014,LA,Louisiana,Overweight and Obesity (BMI),BMI Categories,Weight classification by Body Mass Index (BMI) (variable calculated from one or more BRFSS questions),Overweight (BMI 25.0-29.9),Overall,Overall,"2,198",34.1,32.6,35.5,"2,614",%,Crude Prevalence,,,BRFSS,CLASS14,Topic09,22,BO1,CAT1,_BMI5CAT,RESP040,"(31.31266064400046, -92.44568007099969)"
2014,LA,Louisiana,Overweight and Obesity (BMI),BMI Categories,Weight classification by Body Mass Index (BMI) (variable calculated from one or more BRFSS questions),Normal Weight (BMI 18.5-24.9),Overall,Overall,"1,848",29.6,28.2,31.1,"2,613",%,Crude Prevalence,,,BRFSS,CLASS14,Topic09,22,BO1,CAT1,_BMI5CAT,RESP041,"(31.31266064400046, -92.44568007099969)"
2014,LA,Louisiana,Overweight and Obesity (BMI),BMI Categories,Weight classification by Body Mass Index (BMI) (variable calculated from one or more BRFSS questions),Underweight (BMI 12.0-18.4),Overall,Overall,101,1.5,1.1,1.9,"2,612",%,Crude Prevalence,,,BRFSS,CLASS14,Topic09,22,BO1,CAT1,_BMI5CAT,RESP042,"(31.31266064400046, -92.44568007099969)"
2014,ME,Maine,Overweight and Obesity (BMI),BMI Categories,Weight classification by Body Mass Index (BMI) (variable calculated from one or more BRFSS questions),Obese (BMI 30.0 - 99.8),Overall,Overall,"2,441",28.2,26.9,29.5,"2,605",%,Crude Prevalence,,,BRFSS,CLASS14,Topic09,23,BO1,CAT1,_BMI5CAT,RESP039,"(45.254228894000505, -68.98503133599962)"
2014,ME,Maine,Overweight and Obesity (BMI),BMI Categories,Weight classification by Body Mass Index (BMI) (variable calculated from one or more BRFSS questions),Overweight (BMI 25.0-29.9),Overall,Overall,"3,217",36.3,34.9,37.6,"2,604",%,Crude Prevalence,,,BRFSS,CLASS14,Topic09,23,BO1,CAT1,_BMI5CAT,RESP040,"(45.254228894000505, -68.98503133599962)"
2014,ME,Maine,Overweight and Obesity (BMI),BMI Categories,Weight classification by Body Mass Index (BMI) (variable calculated from one or more BRFSS questions),Normal Weight (BMI 18.5-24.9),Overall,Overall,"2,924",33.8,32.4,35.3,"2,603",%,Crude Prevalence,,,BRFSS,CLASS14,Topic09,23,BO1,CAT1,_BMI5CAT,RESP041,"(45.254228894000505, -68.98503133599962)"
2014,ME,Maine,Overweight and Obesity (BMI),BMI Categories,Weight classification by Body Mass Index (BMI) (variable calculated from one or more BRFSS questions),Underweight (BMI 12.0-18.4),Overall,Overall,123,1.7,1.3,2.2,"2,602",%,Crude Prevalence,,,BRFSS,CLASS14,Topic09,23,BO1,CAT1,_BMI5CAT,RESP042,"(45.254228894000505, -68.98503133599962)"
2014,MD,Maryland,Overweight and Obesity (BMI),BMI Categories,Weight classification by Body Mass Index (BMI) (variable calculated from one or more BRFSS questions),Obese (BMI 30.0 - 99.8),Overall,Overall,"3,578",29.6,28.1,31.1,"2,620",%,Crude Prevalence,,,BRFSS,CLASS14,Topic09,24,BO1,CAT1,_BMI5CAT,RESP039,"(39.29058096400047, -76.60926011099963)"
2014,MD,Maryland,Overweight and Obesity (BMI),BMI Categories,Weight classification by Body Mass Index (BMI) (variable calculated from one or more BRFSS questions),Overweight (BMI 25.0-29.9),Overall,Overall,"4,260",35.3,33.7,36.9,"2,619",%,Crude Prevalence,,,BRFSS,CLASS14,Topic09,24,BO1,CAT1,_BMI5CAT,RESP040,"(39.29058096400047, -76.60926011099963)"
2014,MD,Maryland,Overweight and Obesity (BMI),BMI Categories,Weight classification by Body Mass Index (BMI) (variable calculated from one or more BRFSS questions),Normal Weight (BMI 18.5-24.9),Overall,Overall,"3,726",33.6,31.9,35.2,"2,618",%,Crude Prevalence,,,BRFSS,CLASS14,Topic09,24,BO1,CAT1,_BMI5CAT,RESP041,"(39.29058096400047, -76.60926011099963)"
2014,MD,Maryland,Overweight and Obesity (BMI),BMI Categories,Weight classification by Body Mass Index (BMI) (variable calculated from one or more BRFSS questions),Underweight (BMI 12.0-18.4),Overall,Overall,149,1.6,1,2.1,"2,617",%,Crude Prevalence,,,BRFSS,CLASS14,Topic09,24,BO1,CAT1,_BMI5CAT,RESP042,"(39.29058096400047, -76.60926011099963)"
2014,MA,Massachusetts,Overweight and Obesity (BMI),BMI Categories,Weight classification by Body Mass Index (BMI) (variable calculated from one or more BRFSS questions),Obese (BMI 30.0 - 99.8),Overall,Overall,"3,696",23.3,22.3,24.4,"2,620",%,Crude Prevalence,,,BRFSS,CLASS14,Topic09,25,BO1,CAT1,_BMI5CAT,RESP039,"(42.27687047000046, -72.08269067499964)"
2014,MA,Massachusetts,Overweight and Obesity (BMI),BMI Categories,Weight classification by Body Mass Index (BMI) (variable calculated from one or more BRFSS questions),Overweight (BMI 25.0-29.9),Overall,Overall,"5,218",35.6,34.3,36.8,"2,619",%,Crude Prevalence,,,BRFSS,CLASS14,Topic09,25,BO1,CAT1,_BMI5CAT,RESP040,"(42.27687047000046, -72.08269067499964)"
2014,MA,Massachusetts,Overweight and Obesity (BMI),BMI Categories,Weight classification by Body Mass Index (BMI) (variable calculated from one or more BRFSS questions),Normal Weight (BMI 18.5-24.9),Overall,Overall,"5,231",38.7,37.5,40,"2,618",%,Crude Prevalence,,,BRFSS,CLASS14,Topic09,25,BO1,CAT1,_BMI5CAT,RESP041,"(42.27687047000046, -72.08269067499964)"
2014,MA,Massachusetts,Overweight and Obesity (BMI),BMI Categories,Weight classification by Body Mass Index (BMI) (variable calculated from one or more BRFSS questions),Underweight (BMI 12.0-18.4),Overall,Overall,249,2.4,1.9,2.9,"2,617",%,Crude Prevalence,,,BRFSS,CLASS14,Topic09,25,BO1,CAT1,_BMI5CAT,RESP042,"(42.27687047000046, -72.08269067499964)"
2014,MI,Michigan,Overweight and Obesity (BMI),BMI Categories,Weight classification by Body Mass Index (BMI) (variable calculated from one or more BRFSS questions),Obese (BMI 30.0 - 99.8),Overall,Overall,"2,533",30.7,29.4,32,"2,621",%,Crude Prevalence,,,BRFSS,CLASS14,Topic09,26,BO1,CAT1,_BMI5CAT,RESP039,"(44.6613195430005, -84.71439026999968)"
2014,MI,Michigan,Overweight and Obesity (BMI),BMI Categories,Weight classification by Body Mass Index (BMI) (variable calculated from one or more BRFSS questions),Overweight (BMI 25.0-29.9),Overall,Overall,"2,887",34.9,33.6,36.2,"2,620",%,Crude Prevalence,,,BRFSS,CLASS14,Topic09,26,BO1,CAT1,_BMI5CAT,RESP040,"(44.6613195430005, -84.71439026999968)"
2014,MI,Michigan,Overweight and Obesity (BMI),BMI Categories,Weight classification by Body Mass Index (BMI) (variable calculated from one or more BRFSS questions),Normal Weight (BMI 18.5-24.9),Overall,Overall,"2,483",32.5,31.1,33.8,"2,619",%,Crude Prevalence,,,BRFSS,CLASS14,Topic09,26,BO1,CAT1,_BMI5CAT,RESP041,"(44.6613195430005, -84.71439026999968)"
2014,MI,Michigan,Overweight and Obesity (BMI),BMI Categories,Weight classification by Body Mass Index (BMI) (variable calculated from one or more BRFSS questions),Underweight (BMI 12.0-18.4),Overall,Overall,121,1.9,1.5,2.4,"2,618",%,Crude Prevalence,,,BRFSS,CLASS14,Topic09,26,BO1,CAT1,_BMI5CAT,RESP042,"(44.6613195430005, -84.71439026999968)"
2014,MN,Minnesota,Overweight and Obesity (BMI),BMI Categories,Weight classification by Body Mass Index (BMI) (variable calculated from one or more BRFSS questions),Obese (BMI 30.0 - 99.8),Overall,Overall,"4,382",27.6,26.8,28.5,"2,622",%,Crude Prevalence,,,BRFSS,CLASS14,Topic09,27,BO1,CAT1,_BMI5CAT,RESP039,"(46.35564873600049, -94.79420050299967)"
2014,MN,Minnesota,Overweight and Obesity (BMI),BMI Categories,Weight classification by Body Mass Index (BMI) (variable calculated from one or more BRFSS questions),Overweight (BMI 25.0-29.9),Overall,Overall,"5,689",36.5,35.5,37.4,"2,621",%,Crude Prevalence,,,BRFSS,CLASS14,Topic09,27,BO1,CAT1,_BMI5CAT,RESP040,"(46.35564873600049, -94.79420050299967)"
2014,MN,Minnesota,Overweight and Obesity (BMI),BMI Categories,Weight classification by Body Mass Index (BMI) (variable calculated from one or more BRFSS questions),Normal Weight (BMI 18.5-24.9),Overall,Overall,"5,034",34.5,33.5,35.4,"2,620",%,Crude Prevalence,,,BRFSS,CLASS14,Topic09,27,BO1,CAT1,_BMI5CAT,RESP041,"(46.35564873600049, -94.79420050299967)"
2014,MN,Minnesota,Overweight and Obesity (BMI),BMI Categories,Weight classification by Body Mass Index (BMI) (variable calculated from one or more BRFSS questions),Underweight (BMI 12.0-18.4),Overall,Overall,204,1.4,1.2,1.7,"2,619",%,Crude Prevalence,,,BRFSS,CLASS14,Topic09,27,BO1,CAT1,_BMI5CAT,RESP042,"(46.35564873600049, -94.79420050299967)"
2014,MS,Mississippi,Overweight and Obesity (BMI),BMI Categories,Weight classification by Body Mass Index (BMI) (variable calculated from one or more BRFSS questions),Obese (BMI 30.0 - 99.8),Overall,Overall,"1,398",35.5,33.4,37.6,"2,589",%,Crude Prevalence,,,BRFSS,CLASS14,Topic09,28,BO1,CAT1,_BMI5CAT,RESP039,"(32.745510099000455, -89.53803082499968)"
2014,MS,Mississippi,Overweight and Obesity (BMI),BMI Categories,Weight classification by Body Mass Index (BMI) (variable calculated from one or more BRFSS questions),Overweight (BMI 25.0-29.9),Overall,Overall,"1,436",35.2,33.1,37.3,"2,588",%,Crude Prevalence,,,BRFSS,CLASS14,Topic09,28,BO1,CAT1,_BMI5CAT,RESP040,"(32.745510099000455, -89.53803082499968)"
2014,MS,Mississippi,Overweight and Obesity (BMI),BMI Categories,Weight classification by Body Mass Index (BMI) (variable calculated from one or more BRFSS questions),Normal Weight (BMI 18.5-24.9),Overall,Overall,"1,073",27.7,25.7,29.7,"2,587",%,Crude Prevalence,,,BRFSS,CLASS14,Topic09,28,BO1,CAT1,_BMI5CAT,RESP041,"(32.745510099000455, -89.53803082499968)"
2014,MS,Mississippi,Overweight and Obesity (BMI),BMI Categories,Weight classification by Body Mass Index (BMI) (variable calculated from one or more BRFSS questions),Underweight (BMI 12.0-18.4),Overall,Overall,68,1.6,1.1,2.1,"2,586",%,Crude Prevalence,,,BRFSS,CLASS14,Topic09,28,BO1,CAT1,_BMI5CAT,RESP042,"(32.745510099000455, -89.53803082499968)"
2014,MO,Missouri,Overweight and Obesity (BMI),BMI Categories,Weight classification by Body Mass Index (BMI) (variable calculated from one or more BRFSS questions),Obese (BMI 30.0 - 99.8),Overall,Overall,"2,158",30.2,28.6,31.9,"2,616",%,Crude Prevalence,,,BRFSS,CLASS14,Topic09,29,BO1,CAT1,_BMI5CAT,RESP039,"(38.635790776000476, -92.56630005299968)"
2014,MO,Missouri,Overweight and Obesity (BMI),BMI Categories,Weight classification by Body Mass Index (BMI) (variable calculated from one or more BRFSS questions),Overweight (BMI 25.0-29.9),Overall,Overall,"2,429",35.4,33.6,37.1,"2,615",%,Crude Prevalence,,,BRFSS,CLASS14,Topic09,29,BO1,CAT1,_BMI5CAT,RESP040,"(38.635790776000476, -92.56630005299968)"
2014,MO,Missouri,Overweight and Obesity (BMI),BMI Categories,Weight classification by Body Mass Index (BMI) (variable calculated from one or more BRFSS questions),Normal Weight (BMI 18.5-24.9),Overall,Overall,"2,002",32.9,31.2,34.6,"2,614",%,Crude Prevalence,,,BRFSS,CLASS14,Topic09,29,BO1,CAT1,_BMI5CAT,RESP041,"(38.635790776000476, -92.56630005299968)"
2014,MO,Missouri,Overweight and Obesity (BMI),BMI Categories,Weight classification by Body Mass Index (BMI) (variable calculated from one or more BRFSS questions),Underweight (BMI 12.0-18.4),Overall,Overall,106,1.5,1.1,2,"2,613",%,Crude Prevalence,,,BRFSS,CLASS14,Topic09,29,BO1,CAT1,_BMI5CAT,RESP042,"(38.635790776000476, -92.56630005299968)"
2014,MT,Montana,Overweight and Obesity (BMI),BMI Categories,Weight classification by Body Mass Index (BMI) (variable calculated from one or more BRFSS questions),Obese (BMI 30.0 - 99.8),Overall,Overall,"1,944",26.4,24.9,27.9,"2,601",%,Crude Prevalence,,,BRFSS,CLASS14,Topic09,30,BO1,CAT1,_BMI5CAT,RESP039,"(47.06652897200047, -109.42442064499971)"
2014,MT,Montana,Overweight and Obesity (BMI),BMI Categories,Weight classification by Body Mass Index (BMI) (variable calculated from one or more BRFSS questions),Overweight (BMI 25.0-29.9),Overall,Overall,"2,646",36.6,35,38.3,"2,600",%,Crude Prevalence,,,BRFSS,CLASS14,Topic09,30,BO1,CAT1,_BMI5CAT,RESP040,"(47.06652897200047, -109.42442064499971)"
2014,MT,Montana,Overweight and Obesity (BMI),BMI Categories,Weight classification by Body Mass Index (BMI) (variable calculated from one or more BRFSS questions),Normal Weight (BMI 18.5-24.9),Overall,Overall,"2,355",35.2,33.5,36.8,"2,599",%,Crude Prevalence,,,BRFSS,CLASS14,Topic09,30,BO1,CAT1,_BMI5CAT,RESP041,"(47.06652897200047, -109.42442064499971)"
2014,MT,Montana,Overweight and Obesity (BMI),BMI Categories,Weight classification by Body Mass Index (BMI) (variable calculated from one or more BRFSS questions),Underweight (BMI 12.0-18.4),Overall,Overall,119,1.8,1.3,2.4,"2,598",%,Crude Prevalence,,,BRFSS,CLASS14,Topic09,30,BO1,CAT1,_BMI5CAT,RESP042,"(47.06652897200047, -109.42442064499971)"
2014,NE,Nebraska,Overweight and Obesity (BMI),BMI Categories,Weight classification by Body Mass Index (BMI) (variable calculated from one or more BRFSS questions),Obese (BMI 30.0 - 99.8),Overall,Overall,"6,633",30.2,29.2,31.2,"2,620",%,Crude Prevalence,,,BRFSS,CLASS14,Topic09,31,BO1,CAT1,_BMI5CAT,RESP039,"(41.6410409880005, -99.36572062299967)"
2014,NE,Nebraska,Overweight and Obesity (BMI),BMI Categories,Weight classification by Body Mass Index (BMI) (variable calculated from one or more BRFSS questions),Overweight (BMI 25.0-29.9),Overall,Overall,"7,883",36.5,35.4,37.5,"2,619",%,Crude Prevalence,,,BRFSS,CLASS14,Topic09,31,BO1,CAT1,_BMI5CAT,RESP040,"(41.6410409880005, -99.36572062299967)"
2014,NE,Nebraska,Overweight and Obesity (BMI),BMI Categories,Weight classification by Body Mass Index (BMI) (variable calculated from one or more BRFSS questions),Normal Weight (BMI 18.5-24.9),Overall,Overall,"6,323",31.7,30.6,32.7,"2,618",%,Crude Prevalence,,,BRFSS,CLASS14,Topic09,31,BO1,CAT1,_BMI5CAT,RESP041,"(41.6410409880005, -99.36572062299967)"
2014,NE,Nebraska,Overweight and Obesity (BMI),BMI Categories,Weight classification by Body Mass Index (BMI) (variable calculated from one or more BRFSS questions),Underweight (BMI 12.0-18.4),Overall,Overall,291,1.6,1.3,2,"2,617",%,Crude Prevalence,,,BRFSS,CLASS14,Topic09,31,BO1,CAT1,_BMI5CAT,RESP042,"(41.6410409880005, -99.36572062299967)"
2014,NV,Nevada,Overweight and Obesity (BMI),BMI Categories,Weight classification by Body Mass Index (BMI) (variable calculated from one or more BRFSS questions),Obese (BMI 30.0 - 99.8),Overall,Overall,923,27.7,25.3,30.1,"2,610",%,Crude Prevalence,,,BRFSS,CLASS14,Topic09,32,BO1,CAT1,_BMI5CAT,RESP039,"(39.493240390000494, -117.07184056399967)"
2014,NV,Nevada,Overweight and Obesity (BMI),BMI Categories,Weight classification by Body Mass Index (BMI) (variable calculated from one or more BRFSS questions),Overweight (BMI 25.0-29.9),Overall,Overall,"1,310",35.8,33.3,38.3,"2,609",%,Crude Prevalence,,,BRFSS,CLASS14,Topic09,32,BO1,CAT1,_BMI5CAT,RESP040,"(39.493240390000494, -117.07184056399967)"
2014,NV,Nevada,Overweight and Obesity (BMI),BMI Categories,Weight classification by Body Mass Index (BMI) (variable calculated from one or more BRFSS questions),Normal Weight (BMI 18.5-24.9),Overall,Overall,"1,260",34,31.5,36.5,"2,608",%,Crude Prevalence,,,BRFSS,CLASS14,Topic09,32,BO1,CAT1,_BMI5CAT,RESP041,"(39.493240390000494, -117.07184056399967)"
2014,NV,Nevada,Overweight and Obesity (BMI),BMI Categories,Weight classification by Body Mass Index (BMI) (variable calculated from one or more BRFSS questions),Underweight (BMI 12.0-18.4),Overall,Overall,62,2.5,1.5,3.5,"2,607",%,Crude Prevalence,,,BRFSS,CLASS14,Topic09,32,BO1,CAT1,_BMI5CAT,RESP042,"(39.493240390000494, -117.07184056399967)"
2014,NH,New Hampshire,Overweight and Obesity (BMI),BMI Categories,Weight classification by Body Mass Index (BMI) (variable calculated from one or more BRFSS questions),Obese (BMI 30.0 - 99.8),Overall,Overall,"1,626",27.4,25.8,29.1,"2,594",%,Crude Prevalence,,,BRFSS,CLASS14,Topic09,33,BO1,CAT1,_BMI5CAT,RESP039,"(43.65595011300047, -71.50036091999965)"
2014,NH,New Hampshire,Overweight and Obesity (BMI),BMI Categories,Weight classification by Body Mass Index (BMI) (variable calculated from one or more BRFSS questions),Overweight (BMI 25.0-29.9),Overall,Overall,"2,123",36.2,34.4,37.9,"2,593",%,Crude Prevalence,,,BRFSS,CLASS14,Topic09,33,BO1,CAT1,_BMI5CAT,RESP040,"(43.65595011300047, -71.50036091999965)"
2014,NH,New Hampshire,Overweight and Obesity (BMI),BMI Categories,Weight classification by Body Mass Index (BMI) (variable calculated from one or more BRFSS questions),Normal Weight (BMI 18.5-24.9),Overall,Overall,"1,908",35,33.1,36.9,"2,592",%,Crude Prevalence,,,BRFSS,CLASS14,Topic09,33,BO1,CAT1,_BMI5CAT,RESP041,"(43.65595011300047, -71.50036091999965)"
2014,NH,New Hampshire,Overweight and Obesity (BMI),BMI Categories,Weight classification by Body Mass Index (BMI) (variable calculated from one or more BRFSS questions),Underweight (BMI 12.0-18.4),Overall,Overall,73,1.4,0.9,2,"2,591",%,Crude Prevalence,,,BRFSS,CLASS14,Topic09,33,BO1,CAT1,_BMI5CAT,RESP042,"(43.65595011300047, -71.50036091999965)"
2014,NJ,New Jersey,Overweight and Obesity (BMI),BMI Categories,Weight classification by Body Mass Index (BMI) (variable calculated from one or more BRFSS questions),Obese (BMI 30.0 - 99.8),Overall,Overall,"3,322",26.9,25.7,28.1,"2,619",%,Crude Prevalence,,,BRFSS,CLASS14,Topic09,34,BO1,CAT1,_BMI5CAT,RESP039,"(40.13057004800049, -74.27369128799967)"
2014,NJ,New Jersey,Overweight and Obesity (BMI),BMI Categories,Weight classification by Body Mass Index (BMI) (variable calculated from one or more BRFSS questions),Overweight (BMI 25.0-29.9),Overall,Overall,"4,434",36.3,34.9,37.6,"2,618",%,Crude Prevalence,,,BRFSS,CLASS14,Topic09,34,BO1,CAT1,_BMI5CAT,RESP040,"(40.13057004800049, -74.27369128799967)"
2014,NJ,New Jersey,Overweight and Obesity (BMI),BMI Categories,Weight classification by Body Mass Index (BMI) (variable calculated from one or more BRFSS questions),Normal Weight (BMI 18.5-24.9),Overall,Overall,"4,021",35.1,33.7,36.4,"2,617",%,Crude Prevalence,,,BRFSS,CLASS14,Topic09,34,BO1,CAT1,_BMI5CAT,RESP041,"(40.13057004800049, -74.27369128799967)"
2014,NJ,New Jersey,Overweight and Obesity (BMI),BMI Categories,Weight classification by Body Mass Index (BMI) (variable calculated from one or more BRFSS questions),Underweight (BMI 12.0-18.4),Overall,Overall,178,1.8,1.4,2.2,"2,616",%,Crude Prevalence,,,BRFSS,CLASS14,Topic09,34,BO1,CAT1,_BMI5CAT,RESP042,"(40.13057004800049, -74.27369128799967)"
2014,NM,New Mexico,Overweight and Obesity (BMI),BMI Categories,Weight classification by Body Mass Index (BMI) (variable calculated from one or more BRFSS questions),Obese (BMI 30.0 - 99.8),Overall,Overall,"2,290",28.4,26.9,30,"2,611",%,Crude Prevalence,,,BRFSS,CLASS14,Topic09,35,BO1,CAT1,_BMI5CAT,RESP039,"(34.52088095200048, -106.24058098499967)"
2014,NM,New Mexico,Overweight and Obesity (BMI),BMI Categories,Weight classification by Body Mass Index (BMI) (variable calculated from one or more BRFSS questions),Overweight (BMI 25.0-29.9),Overall,Overall,"3,052",36.4,34.8,38,"2,610",%,Crude Prevalence,,,BRFSS,CLASS14,Topic09,35,BO1,CAT1,_BMI5CAT,RESP040,"(34.52088095200048, -106.24058098499967)"
2014,NM,New Mexico,Overweight and Obesity (BMI),BMI Categories,Weight classification by Body Mass Index (BMI) (variable calculated from one or more BRFSS questions),Normal Weight (BMI 18.5-24.9),Overall,Overall,"2,809",33.4,31.8,35,"2,609",%,Crude Prevalence,,,BRFSS,CLASS14,Topic09,35,BO1,CAT1,_BMI5CAT,RESP041,"(34.52088095200048, -106.24058098499967)"
2014,NM,New Mexico,Overweight and Obesity (BMI),BMI Categories,Weight classification by Body Mass Index (BMI) (variable calculated from one or more BRFSS questions),Underweight (BMI 12.0-18.4),Overall,Overall,133,1.7,1.3,2.2,"2,608",%,Crude Prevalence,,,BRFSS,CLASS14,Topic09,35,BO1,CAT1,_BMI5CAT,RESP042,"(34.52088095200048, -106.24058098499967)"
2014,NY,New York,Overweight and Obesity (BMI),BMI Categories,Weight classification by Body Mass Index (BMI) (variable calculated from one or more BRFSS questions),Obese (BMI 30.0 - 99.8),Overall,Overall,"1,676",27,25.6,28.4,"2,613",%,Crude Prevalence,,,BRFSS,CLASS14,Topic09,36,BO1,CAT1,_BMI5CAT,RESP039,"(42.82700103200045, -75.54397042699964)"
2014,NY,New York,Overweight and Obesity (BMI),BMI Categories,Weight classification by Body Mass Index (BMI) (variable calculated from one or more BRFSS questions),Overweight (BMI 25.0-29.9),Overall,Overall,"2,191",34.1,32.6,35.6,"2,612",%,Crude Prevalence,,,BRFSS,CLASS14,Topic09,36,BO1,CAT1,_BMI5CAT,RESP040,"(42.82700103200045, -75.54397042699964)"
2014,NY,New York,Overweight and Obesity (BMI),BMI Categories,Weight classification by Body Mass Index (BMI) (variable calculated from one or more BRFSS questions),Normal Weight (BMI 18.5-24.9),Overall,Overall,"2,328",37,35.5,38.6,"2,611",%,Crude Prevalence,,,BRFSS,CLASS14,Topic09,36,BO1,CAT1,_BMI5CAT,RESP041,"(42.82700103200045, -75.54397042699964)"
2014,NY,New York,Overweight and Obesity (BMI),BMI Categories,Weight classification by Body Mass Index (BMI) (variable calculated from one or more BRFSS questions),Underweight (BMI 12.0-18.4),Overall,Overall,130,1.9,1.5,2.3,"2,610",%,Crude Prevalence,,,BRFSS,CLASS14,Topic09,36,BO1,CAT1,_BMI5CAT,RESP042,"(42.82700103200045, -75.54397042699964)"
2014,NC,North Carolina,Overweight and Obesity (BMI),BMI Categories,Weight classification by Body Mass Index (BMI) (variable calculated from one or more BRFSS questions),Obese (BMI 30.0 - 99.8),Overall,Overall,"1,979",29.7,28.4,31,"2,615",%,Crude Prevalence,,,BRFSS,CLASS14,Topic09,37,BO1,CAT1,_BMI5CAT,RESP039,"(35.466220975000454, -79.15925046299964)"
2014,NC,North Carolina,Overweight and Obesity (BMI),BMI Categories,Weight classification by Body Mass Index (BMI) (variable calculated from one or more BRFSS questions),Overweight (BMI 25.0-29.9),Overall,Overall,"2,396",35.9,34.5,37.3,"2,614",%,Crude Prevalence,,,BRFSS,CLASS14,Topic09,37,BO1,CAT1,_BMI5CAT,RESP040,"(35.466220975000454, -79.15925046299964)"
2014,NC,North Carolina,Overweight and Obesity (BMI),BMI Categories,Weight classification by Body Mass Index (BMI) (variable calculated from one or more BRFSS questions),Normal Weight (BMI 18.5-24.9),Overall,Overall,"2,142",32.5,31.1,33.9,"2,613",%,Crude Prevalence,,,BRFSS,CLASS14,Topic09,37,BO1,CAT1,_BMI5CAT,RESP041,"(35.466220975000454, -79.15925046299964)"
2014,NC,North Carolina,Overweight and Obesity (BMI),BMI Categories,Weight classification by Body Mass Index (BMI) (variable calculated from one or more BRFSS questions),Underweight (BMI 12.0-18.4),Overall,Overall,104,1.9,1.4,2.4,"2,612",%,Crude Prevalence,,,BRFSS,CLASS14,Topic09,37,BO1,CAT1,_BMI5CAT,RESP042,"(35.466220975000454, -79.15925046299964)"
2014,ND,North Dakota,Overweight and Obesity (BMI),BMI Categories,Weight classification by Body Mass Index (BMI) (variable calculated from one or more BRFSS questions),Obese (BMI 30.0 - 99.8),Overall,Overall,"2,341",32.2,30.5,33.9,"2,577",%,Crude Prevalence,,,BRFSS,CLASS14,Topic09,38,BO1,CAT1,_BMI5CAT,RESP039,"(47.47531977900047, -100.11842104899966)"
2014,ND,North Dakota,Overweight and Obesity (BMI),BMI Categories,Weight classification by Body Mass Index (BMI) (variable calculated from one or more BRFSS questions),Overweight (BMI 25.0-29.9),Overall,Overall,"2,771",36.6,34.8,38.4,"2,576",%,Crude Prevalence,,,BRFSS,CLASS14,Topic09,38,BO1,CAT1,_BMI5CAT,RESP040,"(47.47531977900047, -100.11842104899966)"
2014,ND,North Dakota,Overweight and Obesity (BMI),BMI Categories,Weight classification by Body Mass Index (BMI) (variable calculated from one or more BRFSS questions),Normal Weight (BMI 18.5-24.9),Overall,Overall,"2,070",29.8,28,31.6,"2,575",%,Crude Prevalence,,,BRFSS,CLASS14,Topic09,38,BO1,CAT1,_BMI5CAT,RESP041,"(47.47531977900047, -100.11842104899966)"
2014,ND,North Dakota,Overweight and Obesity (BMI),BMI Categories,Weight classification by Body Mass Index (BMI) (variable calculated from one or more BRFSS questions),Underweight (BMI 12.0-18.4),Overall,Overall,87,1.4,0.9,1.9,"2,574",%,Crude Prevalence,,,BRFSS,CLASS14,Topic09,38,BO1,CAT1,_BMI5CAT,RESP042,"(47.47531977900047, -100.11842104899966)"
2014,OH,Ohio,Overweight and Obesity (BMI),BMI Categories,Weight classification by Body Mass Index (BMI) (variable calculated from one or more BRFSS questions),Obese (BMI 30.0 - 99.8),Overall,Overall,"3,490",32.6,31.2,34.1,"2,619",%,Crude Prevalence,,,BRFSS,CLASS14,Topic09,39,BO1,CAT1,_BMI5CAT,RESP039,"(40.06021014100048, -82.40426005599966)"
2014,OH,Ohio,Overweight and Obesity (BMI),BMI Categories,Weight classification by Body Mass Index (BMI) (variable calculated from one or more BRFSS questions),Overweight (BMI 25.0-29.9),Overall,Overall,"3,577",34.1,32.6,35.5,"2,618",%,Crude Prevalence,,,BRFSS,CLASS14,Topic09,39,BO1,CAT1,_BMI5CAT,RESP040,"(40.06021014100048, -82.40426005599966)"
2014,OH,Ohio,Overweight and Obesity (BMI),BMI Categories,Weight classification by Body Mass Index (BMI) (variable calculated from one or more BRFSS questions),Normal Weight (BMI 18.5-24.9),Overall,Overall,"3,055",31.6,30.1,33,"2,617",%,Crude Prevalence,,,BRFSS,CLASS14,Topic09,39,BO1,CAT1,_BMI5CAT,RESP041,"(40.06021014100048, -82.40426005599966)"
2014,OH,Ohio,Overweight and Obesity (BMI),BMI Categories,Weight classification by Body Mass Index (BMI) (variable calculated from one or more BRFSS questions),Underweight (BMI 12.0-18.4),Overall,Overall,191,1.7,1.3,2.2,"2,616",%,Crude Prevalence,,,BRFSS,CLASS14,Topic09,39,BO1,CAT1,_BMI5CAT,RESP042,"(40.06021014100048, -82.40426005599966)"
2014,OK,Oklahoma,Overweight and Obesity (BMI),BMI Categories,Weight classification by Body Mass Index (BMI) (variable calculated from one or more BRFSS questions),Obese (BMI 30.0 - 99.8),Overall,Overall,"2,643",33,31.6,34.3,"2,619",%,Crude Prevalence,,,BRFSS,CLASS14,Topic09,40,BO1,CAT1,_BMI5CAT,RESP039,"(35.47203135600046, -97.52107021399968)"
2014,OK,Oklahoma,Overweight and Obesity (BMI),BMI Categories,Weight classification by Body Mass Index (BMI) (variable calculated from one or more BRFSS questions),Overweight (BMI 25.0-29.9),Overall,Overall,"2,920",35.2,33.9,36.6,"2,618",%,Crude Prevalence,,,BRFSS,CLASS14,Topic09,40,BO1,CAT1,_BMI5CAT,RESP040,"(35.47203135600046, -97.52107021399968)"
2014,OK,Oklahoma,Overweight and Obesity (BMI),BMI Categories,Weight classification by Body Mass Index (BMI) (variable calculated from one or more BRFSS questions),Normal Weight (BMI 18.5-24.9),Overall,Overall,"2,293",29.9,28.5,31.2,"2,617",%,Crude Prevalence,,,BRFSS,CLASS14,Topic09,40,BO1,CAT1,_BMI5CAT,RESP041,"(35.47203135600046, -97.52107021399968)"
2014,OK,Oklahoma,Overweight and Obesity (BMI),BMI Categories,Weight classification by Body Mass Index (BMI) (variable calculated from one or more BRFSS questions),Underweight (BMI 12.0-18.4),Overall,Overall,153,1.9,1.5,2.3,"2,616",%,Crude Prevalence,,,BRFSS,CLASS14,Topic09,40,BO1,CAT1,_BMI5CAT,RESP042,"(35.47203135600046, -97.52107021399968)"
2014,OR,Oregon,Overweight and Obesity (BMI),BMI Categories,Weight classification by Body Mass Index (BMI) (variable calculated from one or more BRFSS questions),Obese (BMI 30.0 - 99.8),Overall,Overall,"1,357",27.9,26.2,29.6,"2,607",%,Crude Prevalence,,,BRFSS,CLASS14,Topic09,41,BO1,CAT1,_BMI5CAT,RESP039,"(44.56744942400047, -120.15503132599969)"
2014,OR,Oregon,Overweight and Obesity (BMI),BMI Categories,Weight classification by Body Mass Index (BMI) (variable calculated from one or more BRFSS questions),Overweight (BMI 25.0-29.9),Overall,Overall,"1,708",33.8,32.1,35.6,"2,606",%,Crude Prevalence,,,BRFSS,CLASS14,Topic09,41,BO1,CAT1,_BMI5CAT,RESP040,"(44.56744942400047, -120.15503132599969)"
2014,OR,Oregon,Overweight and Obesity (BMI),BMI Categories,Weight classification by Body Mass Index (BMI) (variable calculated from one or more BRFSS questions),Normal Weight (BMI 18.5-24.9),Overall,Overall,"1,754",35.9,34.1,37.7,"2,605",%,Crude Prevalence,,,BRFSS,CLASS14,Topic09,41,BO1,CAT1,_BMI5CAT,RESP041,"(44.56744942400047, -120.15503132599969)"
2014,OR,Oregon,Overweight and Obesity (BMI),BMI Categories,Weight classification by Body Mass Index (BMI) (variable calculated from one or more BRFSS questions),Underweight (BMI 12.0-18.4),Overall,Overall,100,2.4,1.7,3.1,"2,604",%,Crude Prevalence,,,BRFSS,CLASS14,Topic09,41,BO1,CAT1,_BMI5CAT,RESP042,"(44.56744942400047, -120.15503132599969)"
2014,PA,Pennsylvania,Overweight and Obesity (BMI),BMI Categories,Weight classification by Body Mass Index (BMI) (variable calculated from one or more BRFSS questions),Obese (BMI 30.0 - 99.8),Overall,Overall,"3,214",30.2,28.9,31.4,"2,615",%,Crude Prevalence,,,BRFSS,CLASS14,Topic09,42,BO1,CAT1,_BMI5CAT,RESP039,"(40.79373015200048, -77.86070029399963)"
2014,PA,Pennsylvania,Overweight and Obesity (BMI),BMI Categories,Weight classification by Body Mass Index (BMI) (variable calculated from one or more BRFSS questions),Overweight (BMI 25.0-29.9),Overall,Overall,"3,751",33.9,32.6,35.2,"2,614",%,Crude Prevalence,,,BRFSS,CLASS14,Topic09,42,BO1,CAT1,_BMI5CAT,RESP040,"(40.79373015200048, -77.86070029399963)"
2014,PA,Pennsylvania,Overweight and Obesity (BMI),BMI Categories,Weight classification by Body Mass Index (BMI) (variable calculated from one or more BRFSS questions),Normal Weight (BMI 18.5-24.9),Overall,Overall,"3,266",34.1,32.8,35.5,"2,613",%,Crude Prevalence,,,BRFSS,CLASS14,Topic09,42,BO1,CAT1,_BMI5CAT,RESP041,"(40.79373015200048, -77.86070029399963)"
2014,PA,Pennsylvania,Overweight and Obesity (BMI),BMI Categories,Weight classification by Body Mass Index (BMI) (variable calculated from one or more BRFSS questions),Underweight (BMI 12.0-18.4),Overall,Overall,143,1.8,1.4,2.2,"2,612",%,Crude Prevalence,,,BRFSS,CLASS14,Topic09,42,BO1,CAT1,_BMI5CAT,RESP042,"(40.79373015200048, -77.86070029399963)"
2014,RI,Rhode Island,Overweight and Obesity (BMI),BMI Categories,Weight classification by Body Mass Index (BMI) (variable calculated from one or more BRFSS questions),Obese (BMI 30.0 - 99.8),Overall,Overall,"1,595",27,25.4,28.6,"2,604",%,Crude Prevalence,,,BRFSS,CLASS14,Topic09,44,BO1,CAT1,_BMI5CAT,RESP039,"(41.70828019300046, -71.52247031399963)"
2014,RI,Rhode Island,Overweight and Obesity (BMI),BMI Categories,Weight classification by Body Mass Index (BMI) (variable calculated from one or more BRFSS questions),Overweight (BMI 25.0-29.9),Overall,Overall,"2,204",35.5,33.7,37.2,"2,603",%,Crude Prevalence,,,BRFSS,CLASS14,Topic09,44,BO1,CAT1,_BMI5CAT,RESP040,"(41.70828019300046, -71.52247031399963)"
2014,RI,Rhode Island,Overweight and Obesity (BMI),BMI Categories,Weight classification by Body Mass Index (BMI) (variable calculated from one or more BRFSS questions),Normal Weight (BMI 18.5-24.9),Overall,Overall,"2,076",36.1,34.3,38,"2,602",%,Crude Prevalence,,,BRFSS,CLASS14,Topic09,44,BO1,CAT1,_BMI5CAT,RESP041,"(41.70828019300046, -71.52247031399963)"
2014,RI,Rhode Island,Overweight and Obesity (BMI),BMI Categories,Weight classification by Body Mass Index (BMI) (variable calculated from one or more BRFSS questions),Underweight (BMI 12.0-18.4),Overall,Overall,94,1.4,1,1.9,"2,601",%,Crude Prevalence,,,BRFSS,CLASS14,Topic09,44,BO1,CAT1,_BMI5CAT,RESP042,"(41.70828019300046, -71.52247031399963)"
2014,SC,South Carolina,Overweight and Obesity (BMI),BMI Categories,Weight classification by Body Mass Index (BMI) (variable calculated from one or more BRFSS questions),Obese (BMI 30.0 - 99.8),Overall,Overall,"3,355",32.1,30.9,33.3,"2,621",%,Crude Prevalence,,,BRFSS,CLASS14,Topic09,45,BO1,CAT1,_BMI5CAT,RESP039,"(33.998821303000454, -81.04537120699968)"
2014,SC,South Carolina,Overweight and Obesity (BMI),BMI Categories,Weight classification by Body Mass Index (BMI) (variable calculated from one or more BRFSS questions),Overweight (BMI 25.0-29.9),Overall,Overall,"3,730",35,33.7,36.2,"2,620",%,Crude Prevalence,,,BRFSS,CLASS14,Topic09,45,BO1,CAT1,_BMI5CAT,RESP040,"(33.998821303000454, -81.04537120699968)"
2014,SC,South Carolina,Overweight and Obesity (BMI),BMI Categories,Weight classification by Body Mass Index (BMI) (variable calculated from one or more BRFSS questions),Normal Weight (BMI 18.5-24.9),Overall,Overall,"3,150",31.4,30.1,32.6,"2,619",%,Crude Prevalence,,,BRFSS,CLASS14,Topic09,45,BO1,CAT1,_BMI5CAT,RESP041,"(33.998821303000454, -81.04537120699968)"
2014,SC,South Carolina,Overweight and Obesity (BMI),BMI Categories,Weight classification by Body Mass Index (BMI) (variable calculated from one or more BRFSS questions),Underweight (BMI 12.0-18.4),Overall,Overall,158,1.6,1.2,2,"2,618",%,Crude Prevalence,,,BRFSS,CLASS14,Topic09,45,BO1,CAT1,_BMI5CAT,RESP042,"(33.998821303000454, -81.04537120699968)"
2014,SD,South Dakota,Overweight and Obesity (BMI),BMI Categories,Weight classification by Body Mass Index (BMI) (variable calculated from one or more BRFSS questions),Obese (BMI 30.0 - 99.8),Overall,Overall,"2,155",29.8,27.9,31.8,"2,608",%,Crude Prevalence,,,BRFSS,CLASS14,Topic09,46,BO1,CAT1,_BMI5CAT,RESP039,"(44.353130053000484, -100.3735306369997)"
2014,SD,South Dakota,Overweight and Obesity (BMI),BMI Categories,Weight classification by Body Mass Index (BMI) (variable calculated from one or more BRFSS questions),Overweight (BMI 25.0-29.9),Overall,Overall,"2,540",35.4,33.4,37.3,"2,607",%,Crude Prevalence,,,BRFSS,CLASS14,Topic09,46,BO1,CAT1,_BMI5CAT,RESP040,"(44.353130053000484, -100.3735306369997)"
2014,SD,South Dakota,Overweight and Obesity (BMI),BMI Categories,Weight classification by Body Mass Index (BMI) (variable calculated from one or more BRFSS questions),Normal Weight (BMI 18.5-24.9),Overall,Overall,"2,167",33.4,31.4,35.4,"2,606",%,Crude Prevalence,,,BRFSS,CLASS14,Topic09,46,BO1,CAT1,_BMI5CAT,RESP041,"(44.353130053000484, -100.3735306369997)"
2014,SD,South Dakota,Overweight and Obesity (BMI),BMI Categories,Weight classification by Body Mass Index (BMI) (variable calculated from one or more BRFSS questions),Underweight (BMI 12.0-18.4),Overall,Overall,98,1.4,1,1.9,"2,605",%,Crude Prevalence,,,BRFSS,CLASS14,Topic09,46,BO1,CAT1,_BMI5CAT,RESP042,"(44.353130053000484, -100.3735306369997)"
2014,TN,Tennessee,Overweight and Obesity (BMI),BMI Categories,Weight classification by Body Mass Index (BMI) (variable calculated from one or more BRFSS questions),Obese (BMI 30.0 - 99.8),Overall,Overall,"1,486",31.2,29.3,33.1,"2,606",%,Crude Prevalence,,,BRFSS,CLASS14,Topic09,47,BO1,CAT1,_BMI5CAT,RESP039,"(35.68094058000048, -85.77449091399967)"
2014,TN,Tennessee,Overweight and Obesity (BMI),BMI Categories,Weight classification by Body Mass Index (BMI) (variable calculated from one or more BRFSS questions),Overweight (BMI 25.0-29.9),Overall,Overall,"1,744",35.9,33.9,37.9,"2,605",%,Crude Prevalence,,,BRFSS,CLASS14,Topic09,47,BO1,CAT1,_BMI5CAT,RESP040,"(35.68094058000048, -85.77449091399967)"
2014,TN,Tennessee,Overweight and Obesity (BMI),BMI Categories,Weight classification by Body Mass Index (BMI) (variable calculated from one or more BRFSS questions),Normal Weight (BMI 18.5-24.9),Overall,Overall,"1,458",31.1,29.1,33.1,"2,604",%,Crude Prevalence,,,BRFSS,CLASS14,Topic09,47,BO1,CAT1,_BMI5CAT,RESP041,"(35.68094058000048, -85.77449091399967)"
2014,TN,Tennessee,Overweight and Obesity (BMI),BMI Categories,Weight classification by Body Mass Index (BMI) (variable calculated from one or more BRFSS questions),Underweight (BMI 12.0-18.4),Overall,Overall,105,1.8,1.3,2.3,"2,603",%,Crude Prevalence,,,BRFSS,CLASS14,Topic09,47,BO1,CAT1,_BMI5CAT,RESP042,"(35.68094058000048, -85.77449091399967)"
2014,TX,Texas,Overweight and Obesity (BMI),BMI Categories,Weight classification by Body Mass Index (BMI) (variable calculated from one or more BRFSS questions),Obese (BMI 30.0 - 99.8),Overall,Overall,"4,403",31.9,30.6,33.3,"2,619",%,Crude Prevalence,,,BRFSS,CLASS14,Topic09,48,BO1,CAT1,_BMI5CAT,RESP039,"(31.827240407000488, -99.42677020599967)"
2014,TX,Texas,Overweight and Obesity (BMI),BMI Categories,Weight classification by Body Mass Index (BMI) (variable calculated from one or more BRFSS questions),Overweight (BMI 25.0-29.9),Overall,Overall,"5,060",35.9,34.5,37.2,"2,618",%,Crude Prevalence,,,BRFSS,CLASS14,Topic09,48,BO1,CAT1,_BMI5CAT,RESP040,"(31.827240407000488, -99.42677020599967)"
2014,TX,Texas,Overweight and Obesity (BMI),BMI Categories,Weight classification by Body Mass Index (BMI) (variable calculated from one or more BRFSS questions),Normal Weight (BMI 18.5-24.9),Overall,Overall,"4,351",30.4,29.1,31.7,"2,617",%,Crude Prevalence,,,BRFSS,CLASS14,Topic09,48,BO1,CAT1,_BMI5CAT,RESP041,"(31.827240407000488, -99.42677020599967)"
2014,TX,Texas,Overweight and Obesity (BMI),BMI Categories,Weight classification by Body Mass Index (BMI) (variable calculated from one or more BRFSS questions),Underweight (BMI 12.0-18.4),Overall,Overall,244,1.8,1.4,2.2,"2,616",%,Crude Prevalence,,,BRFSS,CLASS14,Topic09,48,BO1,CAT1,_BMI5CAT,RESP042,"(31.827240407000488, -99.42677020599967)"
2014,UT,Utah,Overweight and Obesity (BMI),BMI Categories,Weight classification by Body Mass Index (BMI) (variable calculated from one or more BRFSS questions),Obese (BMI 30.0 - 99.8),Overall,Overall,"3,656",25.7,24.9,26.6,"2,619",%,Crude Prevalence,,,BRFSS,CLASS14,Topic09,49,BO1,CAT1,_BMI5CAT,RESP039,"(39.360700171000474, -111.58713063499971)"
2014,UT,Utah,Overweight and Obesity (BMI),BMI Categories,Weight classification by Body Mass Index (BMI) (variable calculated from one or more BRFSS questions),Overweight (BMI 25.0-29.9),Overall,Overall,"4,924",33.8,32.8,34.8,"2,618",%,Crude Prevalence,,,BRFSS,CLASS14,Topic09,49,BO1,CAT1,_BMI5CAT,RESP040,"(39.360700171000474, -111.58713063499971)"
2014,UT,Utah,Overweight and Obesity (BMI),BMI Categories,Weight classification by Body Mass Index (BMI) (variable calculated from one or more BRFSS questions),Normal Weight (BMI 18.5-24.9),Overall,Overall,"5,129",38.2,37.2,39.3,"2,617",%,Crude Prevalence,,,BRFSS,CLASS14,Topic09,49,BO1,CAT1,_BMI5CAT,RESP041,"(39.360700171000474, -111.58713063499971)"
2014,UT,Utah,Overweight and Obesity (BMI),BMI Categories,Weight classification by Body Mass Index (BMI) (variable calculated from one or more BRFSS questions),Underweight (BMI 12.0-18.4),Overall,Overall,256,2.3,1.9,2.6,"2,616",%,Crude Prevalence,,,BRFSS,CLASS14,Topic09,49,BO1,CAT1,_BMI5CAT,RESP042,"(39.360700171000474, -111.58713063499971)"
2014,VT,Vermont,Overweight and Obesity (BMI),BMI Categories,Weight classification by Body Mass Index (BMI) (variable calculated from one or more BRFSS questions),Obese (BMI 30.0 - 99.8),Overall,Overall,"1,516",24.8,23.5,26.1,"2,582",%,Crude Prevalence,,,BRFSS,CLASS14,Topic09,50,BO1,CAT1,_BMI5CAT,RESP039,"(43.62538123900049, -72.51764079099962)"
2014,VT,Vermont,Overweight and Obesity (BMI),BMI Categories,Weight classification by Body Mass Index (BMI) (variable calculated from one or more BRFSS questions),Overweight (BMI 25.0-29.9),Overall,Overall,"2,176",35.4,34,36.9,"2,581",%,Crude Prevalence,,,BRFSS,CLASS14,Topic09,50,BO1,CAT1,_BMI5CAT,RESP040,"(43.62538123900049, -72.51764079099962)"
2014,VT,Vermont,Overweight and Obesity (BMI),BMI Categories,Weight classification by Body Mass Index (BMI) (variable calculated from one or more BRFSS questions),Normal Weight (BMI 18.5-24.9),Overall,Overall,"2,273",38,36.5,39.5,"2,580",%,Crude Prevalence,,,BRFSS,CLASS14,Topic09,50,BO1,CAT1,_BMI5CAT,RESP041,"(43.62538123900049, -72.51764079099962)"
2014,VT,Vermont,Overweight and Obesity (BMI),BMI Categories,Weight classification by Body Mass Index (BMI) (variable calculated from one or more BRFSS questions),Underweight (BMI 12.0-18.4),Overall,Overall,103,1.8,1.4,2.3,"2,579",%,Crude Prevalence,,,BRFSS,CLASS14,Topic09,50,BO1,CAT1,_BMI5CAT,RESP042,"(43.62538123900049, -72.51764079099962)"
2014,VA,Virginia,Overweight and Obesity (BMI),BMI Categories,Weight classification by Body Mass Index (BMI) (variable calculated from one or more BRFSS questions),Obese (BMI 30.0 - 99.8),Overall,Overall,"2,638",28.5,27.2,29.7,"2,617",%,Crude Prevalence,,,BRFSS,CLASS14,Topic09,51,BO1,CAT1,_BMI5CAT,RESP039,"(37.54268067400045, -78.45789046299967)"
2014,VA,Virginia,Overweight and Obesity (BMI),BMI Categories,Weight classification by Body Mass Index (BMI) (variable calculated from one or more BRFSS questions),Overweight (BMI 25.0-29.9),Overall,Overall,"3,253",36.3,34.9,37.6,"2,616",%,Crude Prevalence,,,BRFSS,CLASS14,Topic09,51,BO1,CAT1,_BMI5CAT,RESP040,"(37.54268067400045, -78.45789046299967)"
2014,VA,Virginia,Overweight and Obesity (BMI),BMI Categories,Weight classification by Body Mass Index (BMI) (variable calculated from one or more BRFSS questions),Normal Weight (BMI 18.5-24.9),Overall,Overall,"2,843",33.5,32.2,34.9,"2,615",%,Crude Prevalence,,,BRFSS,CLASS14,Topic09,51,BO1,CAT1,_BMI5CAT,RESP041,"(37.54268067400045, -78.45789046299967)"
2014,VA,Virginia,Overweight and Obesity (BMI),BMI Categories,Weight classification by Body Mass Index (BMI) (variable calculated from one or more BRFSS questions),Underweight (BMI 12.0-18.4),Overall,Overall,145,1.8,1.3,2.2,"2,614",%,Crude Prevalence,,,BRFSS,CLASS14,Topic09,51,BO1,CAT1,_BMI5CAT,RESP042,"(37.54268067400045, -78.45789046299967)"
2014,WA,Washington,Overweight and Obesity (BMI),BMI Categories,Weight classification by Body Mass Index (BMI) (variable calculated from one or more BRFSS questions),Obese (BMI 30.0 - 99.8),Overall,Overall,"2,602",27.3,26,28.5,"2,618",%,Crude Prevalence,,,BRFSS,CLASS14,Topic09,53,BO1,CAT1,_BMI5CAT,RESP039,"(47.52227862900048, -120.47001078999972)"
2014,WA,Washington,Overweight and Obesity (BMI),BMI Categories,Weight classification by Body Mass Index (BMI) (variable calculated from one or more BRFSS questions),Overweight (BMI 25.0-29.9),Overall,Overall,"3,501",36.1,34.8,37.5,"2,617",%,Crude Prevalence,,,BRFSS,CLASS14,Topic09,53,BO1,CAT1,_BMI5CAT,RESP040,"(47.52227862900048, -120.47001078999972)"
2014,WA,Washington,Overweight and Obesity (BMI),BMI Categories,Weight classification by Body Mass Index (BMI) (variable calculated from one or more BRFSS questions),Normal Weight (BMI 18.5-24.9),Overall,Overall,"3,179",34.5,33.2,35.9,"2,616",%,Crude Prevalence,,,BRFSS,CLASS14,Topic09,53,BO1,CAT1,_BMI5CAT,RESP041,"(47.52227862900048, -120.47001078999972)"
2014,WA,Washington,Overweight and Obesity (BMI),BMI Categories,Weight classification by Body Mass Index (BMI) (variable calculated from one or more BRFSS questions),Underweight (BMI 12.0-18.4),Overall,Overall,162,2.1,1.6,2.6,"2,615",%,Crude Prevalence,,,BRFSS,CLASS14,Topic09,53,BO1,CAT1,_BMI5CAT,RESP042,"(47.52227862900048, -120.47001078999972)"
2014,WV,West Virginia,Overweight and Obesity (BMI),BMI Categories,Weight classification by Body Mass Index (BMI) (variable calculated from one or more BRFSS questions),Obese (BMI 30.0 - 99.8),Overall,Overall,"2,030",35.7,34.2,37.2,"2,600",%,Crude Prevalence,,,BRFSS,CLASS14,Topic09,54,BO1,CAT1,_BMI5CAT,RESP039,"(38.66551020200046, -80.71264013499967)"
2014,WV,West Virginia,Overweight and Obesity (BMI),BMI Categories,Weight classification by Body Mass Index (BMI) (variable calculated from one or more BRFSS questions),Overweight (BMI 25.0-29.9),Overall,Overall,"2,048",34,32.5,35.4,"2,599",%,Crude Prevalence,,,BRFSS,CLASS14,Topic09,54,BO1,CAT1,_BMI5CAT,RESP040,"(38.66551020200046, -80.71264013499967)"
2014,WV,West Virginia,Overweight and Obesity (BMI),BMI Categories,Weight classification by Body Mass Index (BMI) (variable calculated from one or more BRFSS questions),Normal Weight (BMI 18.5-24.9),Overall,Overall,"1,664",28.4,27,29.8,"2,598",%,Crude Prevalence,,,BRFSS,CLASS14,Topic09,54,BO1,CAT1,_BMI5CAT,RESP041,"(38.66551020200046, -80.71264013499967)"
2014,WV,West Virginia,Overweight and Obesity (BMI),BMI Categories,Weight classification by Body Mass Index (BMI) (variable calculated from one or more BRFSS questions),Underweight (BMI 12.0-18.4),Overall,Overall,104,2,1.5,2.5,"2,597",%,Crude Prevalence,,,BRFSS,CLASS14,Topic09,54,BO1,CAT1,_BMI5CAT,RESP042,"(38.66551020200046, -80.71264013499967)"
2014,WI,Wisconsin,Overweight and Obesity (BMI),BMI Categories,Weight classification by Body Mass Index (BMI) (variable calculated from one or more BRFSS questions),Obese (BMI 30.0 - 99.8),Overall,Overall,"2,136",31.2,29.6,32.8,"2,609",%,Crude Prevalence,,,BRFSS,CLASS14,Topic09,55,BO1,CAT1,_BMI5CAT,RESP039,"(44.39319117400049, -89.81637074199966)"
2014,WI,Wisconsin,Overweight and Obesity (BMI),BMI Categories,Weight classification by Body Mass Index (BMI) (variable calculated from one or more BRFSS questions),Overweight (BMI 25.0-29.9),Overall,Overall,"2,471",36.2,34.6,37.9,"2,608",%,Crude Prevalence,,,BRFSS,CLASS14,Topic09,55,BO1,CAT1,_BMI5CAT,RESP040,"(44.39319117400049, -89.81637074199966)"
2014,WI,Wisconsin,Overweight and Obesity (BMI),BMI Categories,Weight classification by Body Mass Index (BMI) (variable calculated from one or more BRFSS questions),Normal Weight (BMI 18.5-24.9),Overall,Overall,"1,968",31.2,29.5,32.8,"2,607",%,Crude Prevalence,,,BRFSS,CLASS14,Topic09,55,BO1,CAT1,_BMI5CAT,RESP041,"(44.39319117400049, -89.81637074199966)"
2014,WI,Wisconsin,Overweight and Obesity (BMI),BMI Categories,Weight classification by Body Mass Index (BMI) (variable calculated from one or more BRFSS questions),Underweight (BMI 12.0-18.4),Overall,Overall,80,1.4,1,1.8,"2,606",%,Crude Prevalence,,,BRFSS,CLASS14,Topic09,55,BO1,CAT1,_BMI5CAT,RESP042,"(44.39319117400049, -89.81637074199966)"
2014,WY,Wyoming,Overweight and Obesity (BMI),BMI Categories,Weight classification by Body Mass Index (BMI) (variable calculated from one or more BRFSS questions),Obese (BMI 30.0 - 99.8),Overall,Overall,"1,647",29.5,27.4,31.5,"2,608",%,Crude Prevalence,,,BRFSS,CLASS14,Topic09,56,BO1,CAT1,_BMI5CAT,RESP039,"(43.23554134300048, -108.10983035299967)"
2014,WY,Wyoming,Overweight and Obesity (BMI),BMI Categories,Weight classification by Body Mass Index (BMI) (variable calculated from one or more BRFSS questions),Overweight (BMI 25.0-29.9),Overall,Overall,"2,140",35.2,33.1,37.3,"2,607",%,Crude Prevalence,,,BRFSS,CLASS14,Topic09,56,BO1,CAT1,_BMI5CAT,RESP040,"(43.23554134300048, -108.10983035299967)"
2014,WY,Wyoming,Overweight and Obesity (BMI),BMI Categories,Weight classification by Body Mass Index (BMI) (variable calculated from one or more BRFSS questions),Normal Weight (BMI 18.5-24.9),Overall,Overall,"2,078",33.2,31.1,35.3,"2,606",%,Crude Prevalence,,,BRFSS,CLASS14,Topic09,56,BO1,CAT1,_BMI5CAT,RESP041,"(43.23554134300048, -108.10983035299967)"
2014,WY,Wyoming,Overweight and Obesity (BMI),BMI Categories,Weight classification by Body Mass Index (BMI) (variable calculated from one or more BRFSS questions),Underweight (BMI 12.0-18.4),Overall,Overall,108,2.2,1.4,2.9,"2,605",%,Crude Prevalence,,,BRFSS,CLASS14,Topic09,56,BO1,CAT1,_BMI5CAT,RESP042,"(43.23554134300048, -108.10983035299967)"
2014,GU,Guam,Overweight and Obesity (BMI),BMI Categories,Weight classification by Body Mass Index (BMI) (variable calculated from one or more BRFSS questions),Obese (BMI 30.0 - 99.8),Overall,Overall,660,28,25.5,30.4,"2,585",%,Crude Prevalence,,,BRFSS,CLASS14,Topic09,66,BO1,CAT1,_BMI5CAT,RESP039,"(13.444304, 144.793731)"
2014,GU,Guam,Overweight and Obesity (BMI),BMI Categories,Weight classification by Body Mass Index (BMI) (variable calculated from one or more BRFSS questions),Overweight (BMI 25.0-29.9),Overall,Overall,823,35.4,32.6,38.2,"2,584",%,Crude Prevalence,,,BRFSS,CLASS14,Topic09,66,BO1,CAT1,_BMI5CAT,RESP040,"(13.444304, 144.793731)"
2014,GU,Guam,Overweight and Obesity (BMI),BMI Categories,Weight classification by Body Mass Index (BMI) (variable calculated from one or more BRFSS questions),Normal Weight (BMI 18.5-24.9),Overall,Overall,807,33.5,30.9,36.2,"2,583",%,Crude Prevalence,,,BRFSS,CLASS14,Topic09,66,BO1,CAT1,_BMI5CAT,RESP041,"(13.444304, 144.793731)"
2014,GU,Guam,Overweight and Obesity (BMI),BMI Categories,Weight classification by Body Mass Index (BMI) (variable calculated from one or more BRFSS questions),Underweight (BMI 12.0-18.4),Overall,Overall,62,3.1,2,4.2,"2,582",%,Crude Prevalence,,,BRFSS,CLASS14,Topic09,66,BO1,CAT1,_BMI5CAT,RESP042,"(13.444304, 144.793731)"
2014,PR,Puerto Rico,Overweight and Obesity (BMI),BMI Categories,Weight classification by Body Mass Index (BMI) (variable calculated from one or more BRFSS questions),Obese (BMI 30.0 - 99.8),Overall,Overall,"1,619",28.3,26.8,29.8,"2,438",%,Crude Prevalence,,,BRFSS,CLASS14,Topic09,72,BO1,CAT1,_BMI5CAT,RESP039,"(18.220833, -66.590149)"
2014,PR,Puerto Rico,Overweight and Obesity (BMI),BMI Categories,Weight classification by Body Mass Index (BMI) (variable calculated from one or more BRFSS questions),Overweight (BMI 25.0-29.9),Overall,Overall,"2,226",37.6,36,39.2,"2,437",%,Crude Prevalence,,,BRFSS,CLASS14,Topic09,72,BO1,CAT1,_BMI5CAT,RESP040,"(18.220833, -66.590149)"
2014,PR,Puerto Rico,Overweight and Obesity (BMI),BMI Categories,Weight classification by Body Mass Index (BMI) (variable calculated from one or more BRFSS questions),Normal Weight (BMI 18.5-24.9),Overall,Overall,"1,789",31.9,30.4,33.5,"2,436",%,Crude Prevalence,,,BRFSS,CLASS14,Topic09,72,BO1,CAT1,_BMI5CAT,RESP041,"(18.220833, -66.590149)"
2014,PR,Puerto Rico,Overweight and Obesity (BMI),BMI Categories,Weight classification by Body Mass Index (BMI) (variable calculated from one or more BRFSS questions),Underweight (BMI 12.0-18.4),Overall,Overall,109,2.2,1.7,2.7,"2,435",%,Crude Prevalence,,,BRFSS,CLASS14,Topic09,72,BO1,CAT1,_BMI5CAT,RESP042,"(18.220833, -66.590149)"
2014,UW,All States and DC (median) **,Overweight and Obesity (BMI),BMI Categories,Weight classification by Body Mass Index (BMI) (variable calculated from one or more BRFSS questions),Obese (BMI 30.0 - 99.8),Overall,Overall,51,29.6,,,"2,599",%,Crude Prevalence,,,BRFSS,CLASS14,Topic09,98,BO1,CAT1,_BMI5CAT,RESP039,
2014,UW,All States and DC (median) **,Overweight and Obesity (BMI),BMI Categories,Weight classification by Body Mass Index (BMI) (variable calculated from one or more BRFSS questions),Overweight (BMI 25.0-29.9),Overall,Overall,51,35.4,,,"2,598",%,Crude Prevalence,,,BRFSS,CLASS14,Topic09,98,BO1,CAT1,_BMI5CAT,RESP040,
2014,UW,All States and DC (median) **,Overweight and Obesity (BMI),BMI Categories,Weight classification by Body Mass Index (BMI) (variable calculated from one or more BRFSS questions),Normal Weight (BMI 18.5-24.9),Overall,Overall,51,33.4,,,"2,597",%,Crude Prevalence,,,BRFSS,CLASS14,Topic09,98,BO1,CAT1,_BMI5CAT,RESP041,
2014,UW,All States and DC (median) **,Overweight and Obesity (BMI),BMI Categories,Weight classification by Body Mass Index (BMI) (variable calculated from one or more BRFSS questions),Underweight (BMI 12.0-18.4),Overall,Overall,51,1.8,,,"2,596",%,Crude Prevalence,,,BRFSS,CLASS14,Topic09,98,BO1,CAT1,_BMI5CAT,RESP042,
2014,US,"All States, DC and Territories (median) **",Overweight and Obesity (BMI),BMI Categories,Weight classification by Body Mass Index (BMI) (variable calculated from one or more BRFSS questions),Obese (BMI 30.0 - 99.8),Overall,Overall,53,29.5,,,"2,600",%,Crude Prevalence,,,BRFSS,CLASS14,Topic09,99,BO1,CAT1,_BMI5CAT,RESP039,
2014,US,"All States, DC and Territories (median) **",Overweight and Obesity (BMI),BMI Categories,Weight classification by Body Mass Index (BMI) (variable calculated from one or more BRFSS questions),Overweight (BMI 25.0-29.9),Overall,Overall,53,35.4,,,"2,599",%,Crude Prevalence,,,BRFSS,CLASS14,Topic09,99,BO1,CAT1,_BMI5CAT,RESP040,
2014,US,"All States, DC and Territories (median) **",Overweight and Obesity (BMI),BMI Categories,Weight classification by Body Mass Index (BMI) (variable calculated from one or more BRFSS questions),Normal Weight (BMI 18.5-24.9),Overall,Overall,53,33.4,,,"2,598",%,Crude Prevalence,,,BRFSS,CLASS14,Topic09,99,BO1,CAT1,_BMI5CAT,RESP041,
2014,US,"All States, DC and Territories (median) **",Overweight and Obesity (BMI),BMI Categories,Weight classification by Body Mass Index (BMI) (variable calculated from one or more BRFSS questions),Underweight (BMI 12.0-18.4),Overall,Overall,53,1.8,,,"2,597",%,Crude Prevalence,,,BRFSS,CLASS14,Topic09,99,BO1,CAT1,_BMI5CAT,RESP042,
